ep,part,title,status,prose_chars,hook,laugh,martial,dragon,foreshadow_planted,foreshadow_paid
1,1,은자림의 문이 열리다,done,4710,은퇴의 장엄함 대 3초 만의 추락,핏덩이 호칭,결계 통과 진각,미등장,천 노인의 귀 / 1호 공석,-
2,1,솥뚜껑은 하늘로,done,4576,첫 노역 참사,솥뚜껑 비행,아궁이 진기 폭주,미등장,M001 원반형 물체,-
3,1,멸망의 카이저 드래곤,done,4313,차원 균열 추락,꿀밤 한 방,대가리 꿀밤,첫 등장,M002 마수의 포효,-
4,1,이름은 화척,done,3823,용을 데리고 마당 진입,드래곤 개명 참사,-,강제 작명,화척이 호명 반응,-
5,1,불을 뿜지 마라,done,4172,지붕 2차 붕괴,불 못 뿜는 화룡,압축 기공탄 1단계,골짜기 훈련,유백 복선(만 번 해라),-
6,1,빗자루 한 자루,done,3811,침입자 넷 등장,빗자루 한 방,빗자루 진각,개울 전투,M003 고수 실종,-
7,1,농노 2호,done,3877,결계 개방,번호 부여 개그,-,노역형 편성,전서구 3마리,-
8,1,산이 울었다,done,3736,외부 시점 전환,거름 구덩이 착각,-,소문의 탄생,서문경 등장 / 편지 미발송,-
9,1,조사대,done,3598,무림맹 원로원 회의,파는 소리 = 무덤,-,남궁호 등장,유백 모함 씨앗,-
10,1,제자의 이름,done,3631,조사대 조우,'밥은 먹입니다',기세 누출,유백 최초 언급,세속 불간섭 위반 시 퇴거,-
11,1,부치지 못한 편지,done,3801,편지를 못 쓰는 밤,붓 찾은 여섯 번째,-,궤짝의 편지들,백 영감의 독 / 무림맹 초소,-
12,1,첫눈 오기 전,done,3558,구 노인의 '온다',장작 잿더미 참사,화척 기공탄 오용,월동 준비 총동원,눈 위의 발자국,-
13,1,눈 위의 발자국,done,3776,결계를 통과한 자,창호지 구멍 개그,-,7호 마등우 편입,마교 개입 예고,-
14,1,구 영감의 호미,done,4770,호미 한 자루,2호·7호 밭싸움 짚신,진각 대신 손목,부수지 않고 뒤집기,구 노인의 검 / 백육십 년,-
15,1,초소,done,4550,관측 일지 전문,보고서 착각계 요약,-,남궁호의 한 달,서문경의 유백 조회,-
16,1,문 앞의 사내,done,4470,나흘째 앉아 있는 자,창호지 눈동자,-,마교 19대 후계,임 노파의 검은 패,-
17,1,이백 년 전의 이름,done,4114,임 노파가 짚신을 신다,-,-,임 노파 정체 공개,하촌 우물 심부름,-
18,1,만 번,done,4491,손가락 두 마디,팔십팔 년 전 돈,압축 기공탄 완성,화척이 언어 상실,능선 위의 김,-
19,1,산을 내려가다,done,4206,마흔이틀 만의 바깥,골동품 동전 국밥 세 그릇,불 없이 자다,소문을 직접 듣다,무림맹 초소 조우,-
20,1,소금 두 되,done,4235,남궁호 재회,소금값 대납,-,하촌의 진실,메워진 우물 발견,-
21,1,우물,done,4529,밤샘 굴착,-,구 노인 손목 응용,물이 나오다,증원 다섯 도착,-
22,1,다섯,done,4163,하후경 등장,'소설이 아니었군',여덟 자 보폭,산길 조우,하후경의 십 년 전 기억,-
23,1,있습니다,done,4064,닷새 만의 귀환,나흘 묵은 떡 아홉 등분,-,임 노파에게 답을 전하다,다섯이 올라온다,-
24,1,결계 앞,done,4194,사흘 헤맴,내기 / 배추 겉잎,-,닷새 대치,'무극권신이 아니십니까',-
25,1,빗자루 두 자루,done,4184,'3호입니다',빗자루 또 부러뜨림,빗자루 진각 2회차,표일도의 삽질 검법,8호부터 12호까지,-
26,1,8호부터 12호까지,done,4142,하후경은 안 기절했다,서열 역전 개그,-,다섯 농노 편입,남궁호 최종 보고서,-
27,1,원로원,done,4080,사흘의 침묵,-,-,서문경의 수,유백 수배 방,-
28,1,유백,done,4112,넉 달의 추적,-,무극권 변종,첫 살인,깨끗한 손바닥,-
29,1,김장,done,4364,배추 삼백 포기,절정 다섯의 배추 절이기,화척 화후 조절,김장 총력전,남궁호가 방을 들고 오다,-
30,1,안 죽였구나,done,4060,방의 다섯 글자,-,기세 누출,참는다는 선택,네 글자 전언,-
31,1,열둘의 겨울,done,4060,무 삼백 개,빗자루 열한 자루,-,눈에 처박힌 화척이,막내부터 굶는다,-
32,1,화척이 날다,done,3897,꼬리 뽑기 반 시진,빨랫줄 통과 후 짚신,경공 활강 습득,화척 3단계,스무 장 짚신,-
33,1,남궁호의 겨울,done,3816,소환장을 화로에,-,-,유백 추적,방 붙기 전과 후,-
34,1,백 영감의 항아리,done,3937,약초밭 첫 출입,첫 술 세 사발,-,천독문의 과거,제자 만나러 갈 때 가져가라,-
35,1,궤짝,done,3885,봉인 항아리를 본 8호,-,-,마등우의 삼백 명 명단,1호가 비어 있는 이유,-
36,1,앉지 않는 자,done,3959,패를 내려놓다,도마 다섯 개 파손,무 썰기 제어,마교 삼분,검은 옷 일곱,-
37,1,하촌의 일곱,done,3938,정중한 침입자,-,-,사가온의 한 줄 기록,관도에서 스쳐 지나가다,-
38,1,눈 위의 두 사람,done,3796,조삼의 이름,-,유백의 무극권,남궁호·유백 조우,안 죽였구나,-
39,1,네 글자,done,3839,다시 말해주십시오,'불도 못 때시면서',-,"전언 전달, 장독 개봉",반대쪽 비탈의 젊은이,-
40,1,문 앞에서,done,4846,이틀의 등산,-,멈춘 주먹,닷새의 문 앞,바위의 손자국,-
41,1,손자국,done,4669,닷새 지난 자국 앞의 침묵,8호의 관찰/9호의 눈치,-,콧김 대답,유백의 첫 거짓말 / 권보 두 번째 줄,무릎·이마 자국(40화)
42,1,씨는 눕혀서 심는다,done,4404,씨앗 자루를 받다,구덩이 세 번 실패,힘 빼는 손,밭 진입,무림맹 초소 편성,-
43,1,밟힌 밭,done,4072,밭 두 줄이 사라지다,짚신 서른 장 명중,진각으로 흙 풀기,밭 밟기/경계 학습,밭 밑의 뼈,이십 리 밖 진동 오해
44,1,밭 밑에 있던 것,done,4256,뼈 발굴,백 영감 술잔 놓침,-,백구십 년 전 짐승의 뼈,이름을 안 물은 이유,화척이의 포효
45,1,소금이 떨어졌다,done,4033,화척이 단식,심부름 목록 폭주,-,단식,엿·누룩·호미날,작년 소금 목격담
46,1,방에 붙은 얼굴,done,3934,초소 앞,초상화가 하나도 안 닮음,-,-,9호의 사촌 / 유백 방,무극권신 소문
47,1,빈 지게,done,3640,남궁호의 등장,3호입니다,-,-,유백 사살 백 냥,너는 아직 할 일이 있다
48,1,소금 여덟 가마,done,4029,여덟 가마 주문,아이고 무겁습니다,한 손 정지,-,두 푼 보고서,소금값 소문
49,1,안 죽인다,done,3751,여섯의 미행,국밥 여섯 그릇,한 뼘 진각,-,산적 자수,안 죽였구나(30·39화)
50,1,사흘째 밤,done,3885,대문 앞의 화척이,엿이네,-,사흘 단식/기다림,천 노인의 이백 년 전 짐승,화척이 언어 소거
51,1,봄배추 사백 포기,done,4005,솥뚜껑 세 번,짜다고 말했다가 걸림,-,-,양세중 이름,마등우의 손
52,1,나무를 베러 왔다,done,4129,도끼 소리,규칙 해석 궤변,-,산책 지시,초소 상향 이전,백 영감 약초밭
53,1,밤에 지나간 것,done,3720,별이 꺼진다,빨랫줄과 이불,-,첫 비행,이무기 소문 / 산신 소문,화척이 성장
54,1,열흘 비,done,3995,장마,헛간 문설주,대들보 들기,비 회피,임 노파와 하촌,도랑 굽히기
55,1,돼지 한 마리,done,3756,제물 행렬,돼지를 안다,-,-,하촌 축문,우물(17·21·23화)
56,1,굴러떨어진 것,done,4126,돼지 처분 회의,꿀꿀이,-,돼지와 동거,배추씨 답례,유백이 소문을 듣다
57,1,삼복,done,3697,더위,천 노인 물벼락,-,웅덩이 입수,여름이 위험하다,작년 여름 넷
58,1,팔백 포기,done,3659,첫 포기 판정,한숨 여섯 종류 강의,-,밭 앞 절,소금 열여섯 가마,밭 밑의 뼈
59,1,1호,done,3597,돌에 묶인 편지,조사대장의 등짐,-,편지 배달 비행,1호 공석의 유래,유백에게 서른이 모임
60,1,일 년,done,3694,첫눈,영원히 막내,-,돼지와 동거,대문 앞의 발소리,1호 공석 / 문 앞의 자국
61,2,열네 살,done,3587,열네 살에 팔리다,-,안 밀리는 법,미등장,권보 두 번째 줄,국밥 한 그릇
62,2,밥부터,done,3524,백 명 앞에서 밭,무공 대신 밭,바위 갈라짐,-,흐려진 작은 글씨,사부의 문장 반복
63,2,소권신,done,3655,열둘의 습격,-,힘 조절 실패,-,소권신이라는 이름,부목 묶기
64,2,배추를 씻고 계시오,done,3502,남궁호 방문,-,-,-,곽진강이 반년 앓은 일,소금 두 푼 소문
65,2,열이레,done,3660,토벌령,-,한 자 함몰,-,편지 백 통,밭에서 모이시오
66,2,삼백,done,3629,삼백 도착,-,백사십 무사상,-,무림맹 진술 기록,안 죽인다
67,2,못 나간다,done,3636,남궁호의 절규,-,-,-,천 노인의 이백사십 년 전,일곱 번째 한숨
68,2,여드레,done,3563,이백 리 강행군,-,다리를 먹는다,-,권보 반환,하촌 아이의 증언
69,2,문 안쪽,done,3540,문 앞의 침묵,빗자루 핑계,문틀 함몰,문턱을 넘다,화척이가 나가다,마음이 빈 자
70,2,눈 위의 일곱,done,3540,권보만 남아 있다,-,일곱의 걸음 읽기,문턱을 넘어 나가다,마교 일곱 / 북쪽 자국,1호 공석의 유래(1화)
71,2,오 리,done,3515,자국을 따라 내려가다,화척이가 마당을 어지르다,바퀴 자국 읽기,꼬리로 빗자루질 방해,갈림길 셋 / 대문 옆 잠자리,화전민 위장(48화)
72,2,지하 이 층,done,3503,돌천장에서 깨다,-,-,-,위종 / 지하 층수,문 앞에서 돌아선 자(70화)
73,2,사망 추정,done,3526,네 글자를 적다,-,-,김이 나는 등,사가온이 한 줄을 더하다,서문경-마교 편지(36화)
74,2,배추 백 포기,done,3517,열여드레 만의 개울,비워둔 밥그릇,호미가 반 치 들어가다,-,백 영감의 항아리 / 빈자리 열한 번,항아리(34화)/일곱 번째 한숨(67화)
75,2,두 번째 줄,done,3529,서른을 세다,-,돌바닥이 반 치 꺼지다,-,오독을 권하다 / 손가락 여섯,권보 오독(61화)
76,2,스물세 장,done,3534,붓이 마르다,찢은 겉잎을 본인이 먹다,덧쓰기 세 번,찢어진 건 안 먹음,나가면 버리는 것,스물한 해 전의 글씨(70화)
77,2,흉터 열한 개,done,3535,첫째 갈래가 내려오다,빗자루 소리 두 시진,-,-,앉지 않은 자도 죽는다,혁련휘의 무명산 나흘(36화)
78,2,조사대장,done,3521,남궁호 사직,-,-,-,새 조사대장 / 사백,검은 옷 일곱(36·37화)/편지 백 통(65화)
79,2,마흔 장,done,3519,네 장부터,박수를 안 친다,쥐는 자리를 옮기다,마흔 장을 먹다,벌판의 진,겉잎 다섯 장(76화)/구 노인의 굳은살
80,2,짚신,done,3574,땅의 울림,억지 잘 부리는 놈,땅 읽기 성공,-,하촌 이전 명령,임 노파의 마을(17·20·21화)
81,2,소금 두 되,done,3572,소금은 핑계,사백을 왜 세냐,-,데려갈 방법이 없음,길목을 잡는다,소금 심부름(17·45화)
82,2,작게 만들어라,done,3511,골짜기 훈련,꼬리만 줄여 넘어짐,힘을 빼야 작아진다,몸 압축 시도,쓸 데가 산 밖에 있다,작게 만들어라(15·18화)
83,2,고양이만 한 것,done,3513,압축 성공,평상·장독·돼지 참사,무게 불변 원리,고양이 크기 달성,지속 시간 미상,작게 만들수록 무거워진다(15화)
84,2,지게 위의 것,done,3550,발자국 한 자,도마뱀입니다,발자국 한 치로 줄이기,지게에 실려 하산,붉은 짐승 기록,씨 눕히기(42화)/천 노인의 그날 밤(70화)
85,2,스물여섯,done,3582,굴뚝 열아홉,-,-,압축 한계 징후,사람 열여덟이 줄었다,우물(21화)/두레박 줄(56·68화)
86,2,창고에 안 들어간다,done,3527,무사의 질문에 대답,넷이 지게를 못 든다,무게 흩기 실패,압축 한계 임박,이백 년 된 창고 / 서쪽 골짜기,우물의 내력(37화)/화전민 위장(48화)
87,2,열여덟 장,done,3504,압축이 풀린다,-,무게가 도로 퍼진다,기본형 복귀 / 못 난다,사흘 도보 / 지게 파손,천 노인의 약속(84화)/2호의 지게(83화)
88,2,이름을 대시오,done,3521,불빛 스물 앞으로 걷다,품에서 나온 것 셋,안 뿌리친다,-,촌장의 첫 거짓말,편지 스물세 통(78화)/남궁호 하촌行(78화)
89,2,곽 서방,done,3534,이름을 못 댄다,백칠십넷의 발바닥 재기,반 자 자국의 셈,-,마을 이전 열흘,서문경의 선발 기준(78화)/아이의 물(85화)
90,2,두레박 줄,done,3545,짐을 안 싼다,봄배추 사백 포기 실종,-,사흘 걸어 문턱을 넘다,줄은 물이 아니다,소금 심부름(81화)/두레박 줄(85화)
91,2,스무 발,done,3983,마흔 발짜리 삼,화척이 밭일 노역·버리기 아까워서 얹는 짐,-,압축형으로 이랑을 도랑으로,없어진 마을의 문패/그때도 스무 발이 필요했다,임 노파의 삼 스무 발(90화)/2호의 지게(87화 파손)
92,2,집 일곱,done,3843,헐리는 소리 오 리 밖,백 짐을 혼자 하루에 나름·환갑이 배추를 먹어서,이백 걸음 왕복 사만 걸음 무게 흩기,-,일곱 무더기를 묶은 서른다섯 발,천 노인의 마흔 발(91화)/창고(86화)
93,2,하룻밤,done,3627,무사 스물이 무더기 하나를 못 옮김,스물이 반나절에 마흔 걸음·손바닥 여섯,구덩이 넉 자를 세 호흡에 팜,대문 밖으로 목만 내밀다,조사대장이 산을 열 호흡 봄,일곱 무더기 묶기(92화)/촌장의 곰방대 불(92화)
94,2,보류,done,3513,서문경이 명령서를 보류함,문서 담당의 셈,-,-,「저 마을을 남긴다」,하촌 봉쇄 해제
95,2,미끼,done,3585,미끼는 이미 거기 있다,압축형 발자국 한 자,-,압축형이 조심해서 밟아도 한 자,「아는 미끼는 안 움직이네」,남궁호의 두 줄 편지
96,2,소금 만드는 법,done,3602,편지를 품고 하루를 보냄,노괴 아홉의 소금 대책(바다 팔백 리·서역·잿물·안 먹기),-,회의를 듣고 항아리 냄새를 맡음,화척이가 문턱을 넘어 사라짐,남궁호의 편지(95화)/백 영감 빈 항아리
97,2,도마뱀,done,3670,이틀 만에 하촌 목책 앞,남궁호의 세 번의 거짓말·「애들 손이 대단하오」,자국 이천 개를 이틀에 지움,압축형으로 마루 밑에 숨음,「마을에 개가 한 마리 들어옴」,아이의 도마뱀(89화)/부관의 서랍(90·92화)
98,2,업어 오는 것,done,3707,마루 밑의 눈 둘,「무겁소?」 「무겁습니다」·대장간 사내의 수레,수레 바퀴가 반 자 박히고 축은 안 부러짐,압축형으로 아이를 재우고 나옴,오십 리짜리 고랑은 못 지운다,미끼 구조 고지(95화)/헐린 서까래(92화)
99,2,셋째 갈래,done,3587,나흘을 업고 걸음,자국을 하나 빼먹고 돌아가 지움·등에서 나던 소리,자국 사천 개를 뒷걸음으로 밈,나흘째 압축을 붙들고 있음,장수가 「곽 서방」을 말함,유백의 오독(76화)/이백 년 전 없어진 마을(91화)
100,2,곽 서방이라는 사람,done,3614,검은 옷 일곱이 목책 앞,-,기울어진 방향으로 시공을 읽는 유백,밭 메우기와 육백 포기 약속,「뭐가 안 들어오고 있다」,천 노인의 문패(91화)/집 일곱(93화)/사망 추정(73화)
101,2,모른다,done,3624,촌장의 세 번째 대답,답답한데 화가 안 나는 젊은이·인사를 두 번 함,-,-,무사 스물이 명령서에 없는 것을 스스로 정함,남궁호의 떡(101)/애 스물둘
102,2,사이에 서다,done,3627,스물과 일곱이 마주 섬,「밭 매는 분한테 배웠습니다」·칼등에 남은 손등 자국,손등으로 칼등을 받아 발이 발목까지 박힘,-,아무도 안 죽고 검을 든 쪽이 물러남,유백의 손가락 넷째(102)
103,2,못 들어가는 사람,done,3529,남궁호가 결계 앞에서 막힘,「애들이 우물을 놀이 삼아 파네」의 뒷맛,자국을 지우며 걷는 버릇을 남이 읽음,-,「열두 번째 장을 못 펴겠습니다」,곽진강의 흔적 지우기(97)/결계(68)
104,2,열두 번째 장,done,3520,권보를 펴다,-,서른에 손가락 하나를 잃고 십 년을 판 내력,-,「제 손가락은 다 있습니다. 그 아이는 다섯입니다」,오자의 기원 확정/유백의 한 장(99)
105,2,마당의 규칙,done,3721,「셋째다」,노괴들이 또 물건을 얹음·9호는 말만 얹음,재로 윗줄을 뭉개고 굵게 다시 씀,사흘 뒤에 안 오면 오라는 부탁,천 노인이 문패를 맡아둠,91화 문패/2호의 지게
106,2,사흘 길,done,3706,사흘을 이틀에 걷기로 함,검문소 무사가 빈 물통을 내밈,-,-,마을이 유백을 지키는 것을 보고 방향을 바꿈,위종의 「아직 사람이라고 적게」
107,2,심부름,done,3808,아이가 우물가에서 알아봄,「나 이거 갖다주면 뭐 줘요」,-,무 싹 열셋을 아이에게 줌,「물 한 모금 얻을 수 있겠습니까」,무 싹(94)/촌장의 「모른다」
108,2,물 한 모금,done,3508,두레박을 들어 먹여줌,-,두레박을 아주 천천히 올림,-,「여기가 달빛이 낫습니다」,줄 꼬는 법(92·93)/결계(103)
109,2,굵은 글씨,done,3613,유백이 종이를 폄,-,-,-,「내가 늦었다」 / 편지 스물세 통,78화 편지/104화 교정
110,2,데리고 가는 것,done,4177,업으면 이틀이라는 셈,촌장의 「판 뒤에는 물이 있소」,자국을 세 배로 지움,「도마뱀도요?」 「데려오겠습니다」,「우리는 아무것도 못 봤소」,우물(작년)/남궁호의 사직서
111,2,바위 사이,done,3600,유백이 네 번째로 막힘,-,손은 넘어오고 몸이 안 넘어옴,사흘째 대문 앞에서 안 먹고 기다림,「자네는 갈 데가 있다. 저 마을이다」,결계의 정체/천 노인이 바위 밖으로
112,2,갈 데가 있는 사람,done,3729,「빚이 없는 자들이 오는 데다」,-,-,바위 밖으로 나온 압축형,유백과 화척이의 첫 대면,능선 무사 스물의 교대 없음
113,2,앉는 자리,done,3622,콧등에 사람이 넘어짐,저울이 부러졌다·기대면 어깨가 반 자 박힘,-,유백을 재보고 옆자리를 내줌,「굶은 애한테 싱거운 걸 주는 법은 없다」,임 노파의 소금 두 되(105)
114,2,바위 밖의 집,done,3737,남궁호가 나무를 벰,지붕보다 큰 짐승이 들어간 셈 침,구멍 넉 자를 세 호흡에·미는 손,-,유백의 왼손이 시리기 시작,기둥을 안 깎는 이유(93)/10호의 평상
115,2,잊힌 스물,done,3826,나흘 만의 빗물,-,-,-,서문경이 직접 무명산으로 출발,「접촉 금지」가 목을 조름/촌장의 우물
116,2,열흘,done,3726,열흘째 반나절에 넉 자,나무가 남아서 짰습니다,자갈을 밀어 안 굴리는 법을 스스로 찾음,-,손가락 하나가 반 치 움직임,작년 곽진강의 말이 마을에 남음
117,2,반 치,done,3752,곽진강이 먼저 그것을 봄,화척 어르신이라 부름,밀리는 쪽으로 같이 감,기대는 것을 받아냄,「총단에서 사람이 온답니다」,곽진강의 팔 년·이 년/남궁호의 절반
118,2,두 번째 우물,done,4168,서문경이 하촌에 닿음,-,날개 서른 장을 말로 접게 함,날개를 폈다가 접음,「그건 대답 안 하셔도 됩니다」,찢은 명령서 반쪽/무사와 마을이 함께 팜
119,2,걸어 들어가다,done,3682,낮에 숨지 않고 걸어 들어감,「곽 서방입니다」에 곰방대를 떨어뜨림,포박 자세를 사십 년 만에 처음,다섯 치 꺼진 자리를 서문경이 못 본 척함,「그 사람 지금 어디 있소」,수배 방 두 장/스물셋이라는 숫자
120,2,종이 두 장,done,4324,「살아 있습니다」,「밭 가는 걸 가르쳤습니다」,마지막 두 자를 반 시진에 팜,-,손가락 둘이 폄,재로 덮기(105)/두 번째 우물
121,2,빚은 못 갚는다,done,3667,네 번째로 막힘,「여기 열여섯은 다 뻔뻔한 자들이다」,-,-,「저 아래로 가라. 거기서 살아라」,천 노인의 진단/10호의 평상
122,2,유 서방,done,3594,살러 왔습니다,촌장이 이마를 곰방대로 짚음,-,-,「대신 밭 가는 건 가르쳐드리겠습니다」,재로 덮인 방/최 서방네 집
123,2,스물일곱째 집,done,3809,벌판에서 셋이 옴,-,-,-,「세 번째 우물 자리를 여쭤봐 주십시오」,백 명은 무리가 아니라 밥 타는 줄
124,2,자리를 잡는 법,done,3637,「자리는 발로 잡는 걸세」,-,빈터 오십 바퀴·시린 손으로 자리를 찾음,-,「우리 마을 첫 우물도 열두 자였소」,곽진강의 첫 자리 실패 고백
125,2,열한 자,done,3927,열 자에 물이 안 남,-,-,-,창고에서 「상촌」 문패가 나옴,기다리는 자리를 너무 닦으면 못 앉는다
126,2,가을 배추 육백,done,3997,배추 육백·이백은 저놈 몫,4호와 앉아서 배추 뽑기,-,사흘을 굶다가 유백 얘기에 먹음,「그 일곱은 깎지 마라」,9호=상촌을 지은 목수
127,2,이백 년 만의 손님,done,3743,9호를 지게에 업고 나옴,-,-,-,「그러면 아직 상촌이다」,2호의 사람 지는 지게(105화)
128,2,놓을 게 없는 사람,done,3884,9호가 감,2호의 기운 관,구덩이 여섯 자를 여섯 호흡에,-,셋째 규칙 개정,천 노인의 이백사십 년 전 고백
129,2,서른째 집,done,3807,사람 삼백·집 서른둘,마을에서 대패가 사라짐,-,-,넷째 손가락 반 치 (아무한테도 안 말함),깎은 나무는 썩고 안 깎은 나무는 안 썩음
130,2,열여섯째,done,4093,최 서방이 돌아옴,「여기서는 이름을 안 씁니다」,-,콧등에 안 넘어짐,유백이 9호가 됨,문턱을 넘음/손가락 셋
131,2,3호와 9호,done,3819,유백의 첫 아침,물지게를 못 놓는 곽진강,-,압축형으로 배추 한 포기,1호 자리의 빈 그릇,-
132,2,번호와 일,done,4084,안 쓰는 그릇을 매일 씻는 임 노파,번호가 올라가도 일은 그대로,-,유백이 들어야 먹음,「그 사람은 나보다 손이 빨랐다」,빈 그릇의 정체
133,2,편 가르기,done,3948,화척이가 유백을 따라감,밥상 자리 밀림·가운데가 제일 나쁨,-,용마루/밥상/우물 전부 파괴,짚신 한 짝,천 노인이 대문에 나감
134,2,바위 밖의 집,done,3624,천 노인이 밤이슬을 맞고 앉음,-,손으로 꺾은 장작 단면,-,매달 오던 장작·남궁호가 못 들어오는 이유,「두고 간 게다」
135,2,열일곱 독,done,3823,김장 지시,배추 백 포기·지붕 붕괴,-,지붕 위 세 걸음에 서까래 둘,이백사십 번 묻고 버린 열일곱째 독,240년째 기다림의 방식
136,2,눈은 지울 수 없다,done,3777,눈 위의 발자국 넷,-,눈이 안 울게 걷는 법,발자국 앞에서 네 걸음 물러섬,해마다 한 걸음씩 가까워짐,결계를 넘을 수 있는 자
137,2,먼저 있던 것,done,3980,대문을 막고 엎드린 화척이,꼬리가 담장을 막아 소금 못 감,-,화척이가 240년 전부터 이 숲에 있었음,「마당을 치워야 한다」(168년 전),화척이가 무서워한 이유
138,2,위에는 뭐가 있었소,done,3690,지게가 석 자 박힘,지게를 물어다 주는 화척이,땅을 눌러 기둥을 세움,압축형이 지게를 부숨,「위에는 뭐가 있었소」,목책 밑동의 200년 된 검댕
139,2,안고 나온 것,done,3611,탄 나무 위에 앉은 마을,-,이백 년 된 숯을 손끝으로 앎,-,주춧돌 여섯·하촌과 은자림의 정확한 가운데,문패 뒷면의 두 손자국
140,2,밥 있나,done,4398,문패 뒷면을 천 노인에게 보임,-,자국 없이 눈 위에 서는 걸음,등을 낮춰 길을 내줌,200년 전 그자가 마당에 들어왔던 밤,1호가 240년 만에 바위 사이에 섬
141,3,밖에 차린 상,done,3926,「밥 있나」 뒤의 침묵 — 열여섯이 아무도 안 움직인다,두 해째 상을 나르는 선배 / 백 영감 「나는 팔십팔 년 만에 면했는데」,무겁게 놓는 법을 모르는 손 — 그릇을 내려놓는데 소리가 안 난다,압축형으로 문턱까지 가서 1호의 손에 콧등을 댄다. 곽진강의 손짓이 처음으로 안 통한다,1호가 결계를 못 넘는다(빚) / 이백사십 년 빈 그릇에 처음 밥이 담긴다 / 1호가 곽진강이 3호인 것을 안다,131·132화 빈 그릇 / 111·121화 결계는 빚이 없는 자만 통과시킨다
142,3,매일 오는 사람,done,3731,「자네가 3호 아닌가」의 근거를 묻는다,선배가 됐는데 상이 하나 늘었다 / 백 영감이 자갈에 한 치 반을 눌러 앉고 「술을 끊어야겠군」,자갈이 안 눌린다 — 한 식경을 앉아 밥을 먹으며 무게를 안 싣는다,압축형으로 문턱 안쪽에 앉아 밖을 본다 / 평상 다리를 땅에 박는다,3호는 이백사십 년째 상을 든다 / 임 노파의 쌀 한 홉 / 두 해짜리가 2호인 게 이상하다(표일도),141화 곽진강의 손짓이 안 통함
143,3,자국을 지우는 사람,done,3552,천 노인 「내일은 상을 들고 나가라」,「제가 하면 아무도 안 드십니다」 / 용의 발자국이 산에 길을 낸다,흙이 밀려난 반대로 돌아가 원래 결로 앉는다 — 구덩이 스무 개가 열 호흡에 사라진다,밤마다 혼자 산을 내려갔다 / 1호 「저놈 자국이 제일 어렵네」,1호가 이백사십 년 동안 매일 산의 자국을 지웠다 / 곽진강의 사흘 치 자국을 마저 지운 것이 1호다,141화 1호가 결계를 못 넘는 이유의 반대편(밖의 일)
144,3,위를 안 보는 마을,done,3651,「자네 자국을 마저 지운 게 날세」,아낙이 손끝만 보고 산은 안 본다 / 「누가 지나갔습니까」,맨발이 언 비탈에서 한 번도 안 미끄러진다 / 사람 사이 빈 곳으로만 걷는다,-,첫째 그림자 — 하촌의 금기 「위를 보지 마라」 여섯 자 / 일곱 번 다시 새긴 선돌 / 마지막 층은 며칠 안 됐다 / 그 말을 처음 한 사람은 마을 사람이 아니었다,139화 상촌 문패 / 136화 남궁호의 끊긴 길
145,3,내놓은 자리,done,3557,하촌 돌가루를 천 노인에게 보이지만 「밥 먹어라」로 닫힌다,팔십팔 년 담근 술을 화척이가 반 병 반으로 만든다 / 「저놈은 제 제자가 아닙니다」,술이 목이 아니라 뼈를 울린다 / 고양이만 한 것이 담장 밑 흙을 세 번 꺼뜨린다,고양이만 하게 줄여 술병 셋을 기울기로 굴린다,번호 반납제의 정체 — 번호는 자리에 붙는다 / 백 영감의 옛 번호에 지금 13호가 앉아 있다 / 백 영감은 곽진강이 들어온 해에 내놨다 / 「3호 자리는 누구 자리였습니까」에 대답을 안 한다,60화 「자네들은 번호가 있잖나」
146,3,열넷에게 물었다,done,3597,백 영감이 대답을 안 한 것 때문에 밤을 샌다,「짐승한테입니다」 / 10호가 넷을 데려와 담장에 붙어 구경한다 / 13호의 십오 호,구 노인이 말 대신 땅에 줄을 하나 긋는다,-,임 노파 「오늘은 열일곱」 / 「밥을 먹으면 식구다」 / 구 노인 「번호가 아니다」 / 백 영감 「모르는 놈은 되묻네」 — 열넷 중 되물은 사람이 없다,145화 「3호 자리는 누구 자리였습니까」의 침묵
147,3,짐승에게 묻는다,done,3500,천 노인이 헛간을 가리킨다 — 답을 아는 건 짐승뿐,환갑에 용에게 존댓말을 안 쓴 것만 다행 / 백 영감의 「저놈이 내 앞에서 트림을 하더군」,개만 한 것이 일어서는데 헛간 기둥이 흔들린다 — 크기는 개고 무게는 용이다,앞발로 자국 셋을 찍어 「둘과 열 걸음」을 알린다 / 곽진강을 밖으로 끌고 간다,화척이가 천 노인보다 먼저 이 숲에 있었다 / 열 걸음 떨어진 자리,44화 화척이의 내력 / 141화 화척이가 1호를 알아본 것
148,3,열 걸음,done,3503,바위 밑 마른 풀 — 사람 하나가 누울 자리,「보면 모르느냐」 / 용이 팔을 눌러 못 일어난다 / 유백의 밥은 십사 년째 싱겁다,삭은 풀이 한 자 — 해마다 삭는 두께로 연수를 잰다,반대쪽 구석에 다져진 자국 — 짐승도 거기서 잤다,1호는 결계에서 열 걸음 밖에서 이백사십 년 잤다 / 누우면 대문만 보인다 / 임 노파의 표가 새겨진 닳은 나무 숟가락,141화 「숟가락이 빠졌습니다 / 안 빠졌다」 / 143화 자국 메우기를 곽진강과 유백이 물려받는다
149,3,없는 산,done,3569,천 노인 「나는 이 평상에 요를 깔고 잤네」,백 영감이 제 고향 자리를 짚고 「팔십팔 년을 안 불렀더니 없어졌네」,천 노인이 걷는데 흙이 안 밀리고 소리가 안 난다,-,둘째 그림자 — 지도에서 이 산이 지워졌다 / 이백 년 전 판에는 상촌과 하촌이 둘 다 있다 / 서문경의 보고 마흔두 번이 안 올라간다 / 총단 문서방의 늙은 서리,144화 하촌의 금기 / 125~129화 상촌 화재
150,3,한 번도 안 넘어본 문턱,done,3668,솥이 둘 걸리고 숟가락이 둘 놓인다,농노 열둘의 내기 판 / 13호가 제 번호를 내주겠다고 한다,두 노인이 앉는 방식이 같다 — 허리부터 접힌다 / 천 노인의 자갈만 한 치 꺼진다,문턱 앞에 앉아 꼬리를 안 움직인다,천 노인이 이백사십 년 만에 문턱을 넘는다 / 「아우」와 「맏이」 / 1호가 숟가락의 금을 알아본다 / 천 노인이 돌아올 때 결계에 막힌다,111·121화 결계는 빚이 없는 자만 통과시킨다 / 148화 임 노파의 숟가락
151,3,자리가 둘이 됐다,done,3552,천 노인의 팔을 당기는데 발만 안 따라온다,백 영감이 시험 삼아 넘었다 오고 「이거 왜 이리 서운한가」 / 10호의 웃음이 그날 마당의 첫 소리,결계는 막는 게 아니라 발이 안 가게 한다(유백의 증언),-,임 노파와 백 영감은 빚이 없다 / 구 노인은 시험을 안 해본다 / 표일도는 검을 겨누고 있던 날에도 넘었다 / 천 노인의 빚은 1호가 안 온 날부터,111·121화 결계 규칙 / 148화 열 걸음 자리
152,3,팔십팔 년 전의 맨발,done,3540,빈 평상과 마른 풀 붙은 등,유백의 첫 밥과 13호의 「한 줌이 어찌 저희 것보다 큽니까」 / 화척이가 처음으로 밥을 물린다,한 방향만 보고 걸어도 세 번 다 산 밑으로 되돌아와 있다 — 길이 사람을 돌려세운다,국 냄새를 맡고 그대로 돌아선다,셋째 그림자 — 백 영감이 팔십팔 년 전 세 번 길을 잃고 네 번째에 맨발을 따라 반 각 만에 닿았다 / 그날 밤 천 노인도 문턱에서 발을 들었다 내렸다 / 「자네는 빚이 없어 좋겠네」,59화 「팔십팔 년 전에 아직이라고 했네」 / 150화 천 노인이 발을 내린 것
153,3,앉아 있는 건 갚는 게 아니다,done,3574,세 그림자를 숯으로 적어놓고 한 줄을 더 쓴다,11호의 「그 이랑에는 풀이 안 납니다」 / 화척이가 구덩이를 메우려다 더 키운다,구 노인이 흙바닥에 「무섭다」 세 자를 쓰고 제일 잘 갈린 호미를 내준다,이마를 등에 대는데 사람이 앞으로 밀린다 — 두 해 만의 위로,빚은 갚을 상대가 있어야 갚는다 / 상촌은 사람이 없다 / 1호 「상을 나르는 것이 제일 큰 일일세」 / 임 노파 「앉아 있는 건 갚는 게 아니다」,139화 상촌 문패 / 111~121화 유백의 열 끼
154,3,그 자리에서 보이는 것,done,3642,임 노파가 평상을 닦고 「앉아라」 한다,백 영감의 「앉으면 술을 못 마시네」 / 남궁호의 「어울리십니다」,화척이가 무게를 안 싣고 앞발을 얹는다 — 할 줄 알면서 안 했다,평상을 부수지 않고 옆 땅만 한 자 꺼뜨린다,평상 자리에서는 바위 밑이 절대 안 보인다 — 둘은 서로를 안 보며 이백사십 년을 봤다 / 앉아 있는 일은 누가 지쳤는지 보는 일이다,7·35·59화 대문을 보고 앉은 천 노인
155,3,이름 없는 제사,done,3612,마당에서 9호가 없어졌다,아이들이 화척이 비늘을 만지고 어른들은 도망가면서 물지게를 지운다 / 「밥 한 끼가 엿새입니까」,대장간 망치 소리에 사람을 죽일 것이 없다,고양이만 하게 줄여 하촌 담장 밑에 엎드린다,하촌 옛집 열일곱 채의 대들보가 상촌에서 내려온 탄 나무다 / 하촌이 이백 년째 이름 없는 제사를 지낸다 / 그 제사가 모레다,144화 위를 안 보는 마을 / 149화 지도의 두 마을
156,3,나는 못 가네,done,3688,곽진강이 바위 밑으로 먼저 가서 제사 소식을 전한다,표일도 「나는 검을 안 가져가겠소 / 개울 바닥에 있소」 / 13호가 제일 늦게 손을 든다,1호가 이백 년 동안 느티나무 뒤에 서고도 한 번도 안 들킨다,-,1호가 이백 년 동안 느티나무 뒤에서 제사를 봤다 / 「가면 저 사람들이 기억하네」 / 유백 「맨 뒤에 섭니다」 / 임 노파가 남는다,144화 하촌의 금기 / 155화 이름 없는 제사
157,3,몇 그릇을 짓느냐,done,3506,임 노파의 손이 처음으로 빈 채로 멈춘다,13호가 사발을 열 걸음에 반을 흘리고 백 영감은 「나는 마셨네」,구 노인이 글자 없는 위패를 깎아 내미는데 나무가 아직 따뜻하다,-,상촌은 어른 스물하나·아이 아홉·젖먹이 셋 = 서른셋 / 천 노인 「이름을 말하면 누가 태웠느냐를 묻게 되네」 / 구 노인이 글자 없는 위패를 깎는다 / 임 노파의 백구십 년 고사리 항아리 / 서른네 번째 그릇,139화 상촌 문패 / 149화 남궁호의 마흔두 번 보고
158,3,뒤에 서는 사람들,done,3695,지게 셋을 화척이가 지는데 자국이 하나도 안 남는다,떡 아낙의 「위가 좋은가 보지」 / 아이에게 「저놈이 우리 주인이다」,화척이가 온종일 무게를 안 싣는다 — 할 줄 알면서 안 하던 것을 오늘 한다,압축형으로 지게 셋을 지고 마을 어귀에 엎드린다,천 노인이 이백 년 만에 하촌 상 앞에 세 번 절하고 흙 묻은 옷을 안 턴다 / 백 영감이 술을 네 번째로 딴다 / 느티나무 뒤 다져진 땅 / 아흔둘 「우리가 이백 년 기다린 게 당신이오」,155화 제사 / 156화 1호의 이백 번
159,3,떡 하나,done,3567,천 노인의 「아니오」,마을이 밥을 먹이려 하고 은자림 열다섯이 필사적으로 거절한다 / 화척이가 알아듣고 삼킨다,문턱이 13호의 발을 안 받는다 — 두 해 동안 수천 번 넘은 한 자,번호가 없으면 빚도 없다,천 노인 「그 어른 옆에 살던 사람이오」 / 곽진강이 할 말을 삼킨다(271~295 예고) / 13호가 떡 하나로 문턱에 막힌다 / 임 노파가 미리 알고 문턱 밖에 상을 차린다,111·121화 결계 / 151화 빚의 셈법
160,3,올려다본 사람,done,3608,문턱 밖에 상이 셋 — 가운데가 13호,13호가 어른 둘 사이에 끼어 자갈밭에서 밥을 먹는다 / 「개보다 무겁고 소보다 순하다」,아흔둘이 세 번 쉬고 반나절 길을 혼자 올라온다,아이가 들어보려다 주저앉았다는 무게,아흔둘 노인이 팔십 년 만에 위를 보고 산을 올라온다 / 대들보 그을음 밑의 탁본 / 이름이 서른셋 / 임 노파가 처음으로 존대를 쓴다 / 유백 「믿기는 데 그만큼 걸립니다」,155화 대들보 열일곱 채 / 157화 서른셋
161,3,서른셋과 서른둘,done,3623,탁본 여덟 장이 멍석에 펼쳐진다,표일도 「대제자는 아버지 서찰 먹을 가오 / 여기 와서 삽질한 게 훨씬 쉬웠소」,구 노인이 밤새 위패 서른둘을 더 깎아 손바닥에 자귀 자국이 난다,이백 년 된 그을음 냄새를 맡는다 — 그날 밤 어디 있었는지 아무도 못 묻는다,마당이 밤새 이름 서른셋을 쓴다 / 임 노파가 위패 하나 앞에서 손을 뻗었다 거둔다 / 천 노인 「서른둘일세 / 이 사람은 이백 년을 더 살았네」,160화 탁본 / 157화 서른셋
162,3,목수가 남긴 것,done,3593,「이백 년을 더 살았다니요」,13호의 「제가 먼저 뻗고 저 어른이 나중에 뻗었습니다」 / 백 영감 「백구십구 년 사셨습니다 / 그러니까 오래 못 사네」,화척이가 온종일 자국을 안 남기고 위패 서른둘을 져 나른다,압축형으로 지게를 지며 앞발 자국을 안 남긴다,대들보 맨 끝 이름은 지은 사람의 것 — 9호다 / 마당이 이백 년 만에 그 이름을 안다 / 무덤이 넷이다 / 천 노인 「자네가 이 사람 자리에 앉아 있네」,128화 9호의 죽음과 「나오셨어도 똑같았습니다」 / 139화 상촌 문패
163,3,문턱 밖 살림,done,3756,13호가 문턱 밖에서 첫 밤을 난다,스무여드레짜리 움막에 기둥을 석 자 묻는다 / 백 영감이 13호의 말수를 센다 「아침에 마흔한 마디」 / 화척이가 이불을 깔고 눕는다,1호가 큰 돌을 안 빼고 그 옆을 파게 가르친다 — 힘을 안 쓰고 평평해지는 자리,개만 한 것이 움막 기둥을 석 자 더 박는다,1호는 눈 오는 날 제일 바쁘다 / 유백이 밤마다 9호 무덤에 간다 / 1호가 13호의 이름을 묻는다 / 「생각이 안 났습니다」,148화 자국 지우기 / 162화 9호 자리의 무게
164,3,안 부르면 없어진다,done,3619,「생각이 안 났습니다」 뒤의 문턱 앞 마주 앉기,10호 「하루에 스무 번씩 썼습니다」 / 표일도 「두 자가 훨씬 가볍소」,구 노인이 한 획을 긋다 멈추고 손바닥으로 지운다,-,이름은 안 부르면 없어진다 / 마등우는 백십이 년 동안 매일 제 이름을 한 번 부른다 / 순서는 이름·번호·호칭 셋이다 / 곽진강은 아직 이름이 있다 — 「아직 다 안 들어온 겁니까」,149화 「팔십팔 년을 안 불렀더니 없어졌네」 / 121화 「아직 다 안 들어왔다」
165,3,명부에 없는 사람,done,3749,서문경이 마흔세 번째 보고를 받는다 — 남궁호의 거짓 획이 짧다,-,-,-,총단 문서방의 늙은 서리가 필사에서 산 이름을 뺀다 / 「저는 읽지 않습니다 옮길 뿐입니다」 / 같은 글씨가 아흔일곱 해·백육십 해·이백 해 전 책에 있다 / 명부에 그 사람 이름이 없다,149화 둘째 그림자(지워진 지도) / 158화 위패 서른둘
166,3,짚신 한 켤레,done,3521,움막에 담을 쌓는다 — 스무여드레짜리에 보름을 쓴다,선배가 되니 상이 하나 늘고 담이 하나 늘었다 / 「떡 하나가 크더라」,13호의 손이 짚 앞에서만 안 흔들린다,압축형이 자꾸 더 작아진다 — 아이가 알아본다,13호가 열하루에 넘는다 — 갚을 사람이 눈앞에 있었던 차이 / 일곱 살 아이가 1호를 정면으로 보고 인사한다 / 1호가 문턱 앞까지 걸어온다,159화 떡 하나 / 156화 「가면 저 사람들이 기억하네」
167,3,뒤에 서신 겁니다,done,3531,1호가 발을 들었다가 내린다,13호가 들어오자마자 다시 나가려 한다 / 백 영감의 「기권한 놈은 말할 자격이 없네」,발이 문턱 위에서 떨리다 내려온다 — 유백의 셈으로 팔만 번,문턱을 넘어 두 노인 사이에 앉는다 — 넘을 수 있는 것이 저놈뿐이다,곽진강 「뒤에 서신 겁니다」 / 임 노파의 백구십 년 숟가락 빚 / 1호 「나는 갚을 게 하나뿐일세 말하는 것일세 / 내가 말하면 변명이 되네」,156화 느티나무 뒤 / 148화 임 노파의 숟가락
168,3,아직,done,3767,곽진강이 마당 한복판에 서서 내려가겠다고 말한다,13호 「떡을 받으면 짚신을 줘야 합니다 / 저희가 이백 년 동안 떡만 받았습니다」,-,-,마당이 처음으로 갈린다(11·12호 반대) / 유백 「안 묻는 사람한테 말하는 건 허락받는 겁니다」 / 천 노인 「3호는 아직 손님일세 / 자네가 3호를 내려놓는 날」,121화 「아직 다 안 들어왔다」 / 241~270 은자림이 갈라진다
169,3,한 번 더 쓴다,done,3536,잠 못 드는 밤과 담장 밑의 관솔,-,구 노인이 어제 한 획이던 것을 오늘 두 획까지 긋는다 — 백육십 년째 하는 중이다,-,이름은 불러서 끝까지 듣고 나야 내려놓는다 / 「무극권신 곽진강이라고 대게」 / 유백이 스승의 이름을 대신 부르겠다고 한다 / 1호가 13호의 담에 돌을 골라준다,164화 이름·번호·호칭 / 168화 3호를 내려놓는 날
170,3,이백 년 전에 죽은 사람,done,3697,남궁호가 빈손이 아닌 보자기를 들고 올라온다,-,-,남궁호의 손에 콧등을 댄다 — 따르는 사람이 다섯이 된다,문서방 서리가 사라지고 「은자림」 석 자가 남았다 / 10호 「여기 살아본 사람이 아는 겁니다」 / 임 노파가 국자로 아무것도 안 친다 / 1호 「나는 서른둘이라고 알고 있었네 / 이백 년 전에 죽은 사람일세」,165화 명부에 없는 사람 / 161화 서른셋과 서른둘
171,3,그날 밤의 셈,done,3643,접힌 종이 위의 석 자,13호 「저는 못 들은 걸로 하겠습니다 / 다만 제가 알면 안 될 것 같아서요」,-,가시덤불 뒤에 와서 엎드린다,1호가 사흘에 걸쳐 제 손으로 서른둘을 셌다 / 마을은 서른셋이었다 / 열두 해를 찾고 못 찾아 서른셋으로 셌다 / 유백 「쫓기는 사람이 못 버리는 건 손버릇입니다」,166화 갚을 사람이 눈앞에 있던 차이 / 170화 은자림 석 자
172,3,손버릇을 쫓는다,done,3890,마당이 멍석에 일을 나눠 적는다,백 영감이 제 옛 내력을 흘리고 「못 들은 걸로 하게」 / 화척이가 유백의 저고리를 뜯고 나온다,-,고양이만 하게 줄여 유백의 품에 들어간다 — 무게는 그대로다,하촌에 글자가 한 자도 없다 — 지우는 게 아니라 안 생기게 했다 / 9호의 연장 표가 박힌 쇠 조각 / 주막 장부 첫 장의 글씨가 그 글씨다,165화 문서방 서리 / 162화 9호
173,3,장부 첫 장,done,3667,10호가 장부 첫 장을 읽는다,-,-,-,「이 집은 위에서 내려온 나무로 지었다 / 값은 받지 않는다 / 위를 보지 마라」 / 앞장은 펴지 말라는 집안 법 / 열일곱 집이 궤를 열어 탄 나무 조각 열일곱을 꺼낸다 / 아흔둘 노인이 앓는다,144화 선돌 여섯 자 / 155화 대들보 열일곱 채
174,3,한 번도 안 신은 신,done,3739,서문경이 혼자 바위 앞에 서 있다,임 노파 「요새 밖에 차리는 게 늘었다」 / 백 영감 「자리는 하루면 내려놓네 이름은 안 그렇네」,-,유백의 품에서 고개를 든다,서문경이 사직하고 서고 책 셋을 훔쳐 온다 / 유백과 서문경이 마주 선다 / 문서방 책상 밑의 신은 바닥이 안 닳았다,120화 아궁이 재로 덮은 생사 불문 / 165화 명부에 없는 사람
175,3,댓돌 위의 신,done,3583,「한 번도 안 신은 신이었습니다」,13호 「저는 여기 있는데 저 신이 저를 기다리면 이상하지 않습니까」,-,맨발의 무릎에 턱을 대는데 무릎이 한 치 내려간다,상촌의 법 — 안 돌아온 사람의 신을 코를 문 쪽으로 두고 기다린다 / 그 신은 아이 신이다 / 그 집 넷 중 아비가 안 나왔다 / 임 노파도 백구십 년 전에 제 신을 댓돌에 두고 왔다,171화 서른둘과 서른셋 / 211~240 상촌의 진상
176,3,한 번 더 가고 싶다,done,3716,일곱 살 아이가 혼자 산을 올라와 알린다,13호가 상가에서 죽은 이의 짚신을 엮는다 「신이 있어야 가시지요」,-,밥때가 지나도 아이들 곁을 안 뜬다,아흔둘 노인이 간다 / 임 노파가 이백사십 년 닳은 숟가락을 상에 올리고 「팔십 년 만에 위를 본 값이다」 / 상가 구석에 아무도 안 보는 노인이 서 있다,160화 올려다본 사람 / 148화 임 노파의 숟가락
177,3,아무도 안 보는 사람,done,3659,열 걸음 사이를 넷이 지나가는데 넷 다 안 본다,13호가 「처음 뵙습니다」 하고 인사한다 — 이백 년 만이다,사람 사이 빈 데로만 걷는 법을 아무한테도 안 배우고 혼자 익혔다,-,그가 열일곱 집을 지어줬고 이백 년 동안 그 집들 상가에 왔다 / 왼손 엄지와 검지가 불에 없다 / 임 노파를 「모르오」라고 제일 빨리 답한다 / 「나는 그 마을을 태운 사람이오」,173화 장부 첫 장 / 155화 대들보 열일곱 채
178,3,내가 위를 봤소,done,3693,「다시 말씀해주십시오」,-,이백 년 전 중턱에서 발이 안 갔다 — 결계가 그를 돌려세웠다,이백 년 전에 산만 한 것을 봤고 아무한테도 말 안 했다,그날 밤 그는 나무를 보러 위로 올라갔다 / 아이 신은 그날 저녁에 만들어 신기기 전에 나갔다 / 유백 「흐린 걸 읽으면 누구나 그렇게 읽습니다」 / 「내가 위를 봤소 그래서 다들 죽었소」,104·109화 오독 / 120화 서문경의 넉 자
179,3,열 걸음과 이백 년,done,3547,「위로 좀 데려다주시오」,13호 「저 어른은 밥 드실 때도 허리를 안 굽히십니다」 / 백 영감 「저기 이백 년이 셋 서 있네」,이백 년 전에 안 가던 발이 오늘 간다 — 그사이 무엇이 달라졌다,늘 넘을 수 있는 쪽에 앉는다,1호가 이백 년 그를 찾았다 / 「그날 밤 어디 있었느냐」를 묻고 답을 듣고 더 안 묻는다 — 이미 아는 사람의 대답 / 임 노파가 문턱 앞에서 멈추고 자정에 밥을 안친다,171화 서른둘의 셈 / 211~225 1호가 태운 자
180,3,하나만 넘었다,done,3739,새벽에 일곱이 산허리 주춧돌 여섯으로 간다,-,-,흙을 한 자 긁고 1호가 처음으로 「여기는 안 지워도 되네」라 한다,아이 신을 코가 산 아래를 보게 놓고 「이제 가거라」 / 임 노파가 상 셋을 마당 안에 차린다 / 1호가 이백사십 년 만에 문턱을 넘는다 / 천 노인은 못 넘는다,139화 주춧돌 여섯 / 150화 천 노인이 못 들어온 문턱
181,3,뭐라고 부릅니까,done,3581,마당이 열여덟인데 밖에 하나가 있다,아무도 두 사람을 부를 말이 없어 세 걸음 돌아 다닌다 / 13호가 「어르신」이라 불러 멍석이 멎는다 / 백 영감 「법보다 오래 사신 분한테 법을 들이대면 우습네」,-,문턱 한가운데 앉아 안 고른다 — 문턱이 한 치 반 꺼진다,임 노파는 부를 말이 없으면 안 부른다 「밥 먹어라」 / 구 노인이 이불 둘을 꺼내 하나를 밖에 주려 한다 / 1호가 새벽에 물지게를 진다,145화 호칭의 무게 / 150화 천 노인이 못 넘은 문턱
182,3,아는 사람이 안 하면,done,3654,「그건 제 일입니다 / 두 해 동안 자네가 열여섯 몫을 졌네」,11호의 장작이 다 패여 쌓여 있다 「제가 여기 왜 있는지 모르겠습니다」 / 백 영감 「그게 내 자릴세」,이랑이 발자국도 호미 자국도 없이 통째로 갈려 있다,-,이 마당에서 일은 자리다 / 상촌 노인은 뺏지 않고 옆에서 말만 한다 / 1호 「이백사십 년 동안 나한테 말해준 사람이 없었네」 / 「아는 사람이 안 하면 그게 빚일세」,150화 천 노인의 빚 / 128화 「나와서 뭘 했어야 하는데」
183,3,안 나온 사람,done,3629,13호가 천 노인 앉을 자리 한 뼘만 자갈을 고르고 갔다,10호 「이 마당은 담이 낮습니다」 / 11호 「반대라서 갑니다」,-,두 사람 사이에 앉는다,천 노인의 빚은 이백 년 전에 안 나온 것 / 그가 하촌에 내려가겠다 한다 / 마당이 통째로 따라나선다 / 곽진강이 사흘을 얻는다 — 「나흘째 새벽에 나는 내려간다」,128화 9호에게 한 말 / 168화 「3호를 내려놓는 날」
184,3,줄 사람이 없다,done,3832,마당이 멍석에 모여 번호를 정한다,13호 「3호를 내놓으시면 저희가 뭐라고 부릅니까」 / 백 영감 「이레였네 / 내가 누군지 잊을 뻔했네」,-,-,1호는 그 번호를 받은 적이 없다 — 천 노인이 만든 자리다 / 상촌 노인이 번호를 거절한다 「나는 나로 가야 하오」 / 번호는 마당이 주고 마당이 받는다 / 이백사십 년 만에 마당이 스스로 정해야 한다,130화 「번호는 새로 안 만든다」 / 60화 번호 반납제
185,3,자네 자리는,done,3780,아무도 그를 안 부르는 하루,13호가 「국이 짭니다」를 말하러 앞에 와서 선다 — 두 해째 방패로 쓰던 자리,구 노인의 글자가 한 획에서 세 획이 된다 — 닷새가 더 걸린다,문턱 위 한가운데에 그대로 앉아 있다,마등우 「버릇이 되면 뜻이 없어도 남습니다」 / 스승님은 번호가 아니라 주고받은 호칭이다 / 1호 「자네 자리는」 → 천 노인 「없네」 / 「나는 남의 자리에 앉아 있었다」,7화 천 노인이 3호를 준 날 / 211~240 천 노인이 2호였다
186,3,안 묻는 법,done,3911,할 말을 넷까지 적고 다섯째 줄에서 막힌다,-,-,셋을 차례로 보고 나서 곽진강을 본다 — 한 사람을 가리킨 것이 아니었다,농노 열둘은 아무도 모른다 / 임 노파·백 영감·상촌 노인은 「안 말한다」 / 상촌 노인은 제가 놓았다고 정해놓고 이백 년 안 찾았다 / 천 노인 「내가 내려가면 그 답도 같이 내려간다」,7화 「밖에서 뭐 했는지는 안 묻는다」 / 146화 「모르는 놈은 되묻네」
187,3,마당이 비었다,done,3730,나흘째 새벽에 방마다 불이 켜진다,13호 「그럼 이제 그릇은 어떤 걸 쓰십니까」 / 임 노파 「모르는 놈이 쓴다」,구 노인의 획이 넷이 되고 오늘은 안 지운다 — 돌아올 셈을 하는 손,「오늘은 자국을 남겨라」 — 두 해 지우던 것을 남기며 내려간다,곽진강이 3호 그릇을 내려놓고 마당이 받는다 / 1호가 1호 자리 대신 3호를 받는다 — 법에 있는 자리 / 임 노파가 백구십 년 만에 앞치마를 벗는다 / 은자림이 이백사십 년 만에 빈다,145화 「다음 놈이 오는 날일세」 / 168화 3호를 내려놓는 날
188,3,열여덟이 내려왔다,done,3645,자국을 남기며 비탈을 내려간다,13호 「저는 오늘 아무것도 안 먹겠습니다」 / 아이들이 화척이를 들어보려다 주저앉는다,천 노인이 이백 년 전 발이 안 갔다던 자리를 넘어간다,자국을 남기며 앞장서 내려간다,일곱 살이 하루 만에 이백 년 금기를 깬다 / 임 노파 「듣는 사람이 앉고 말하는 사람이 서는 법이오」 / 상촌 노인이 담 밑 대신 뒷줄에 선다 / 서문경 「오늘 나온 말은 사흘이면 강호에 퍼집니다」,144화 위를 안 보는 마을 / 176화 아흔둘의 상가
189,3,내가 썼소,done,3634,넷째 줄까지 읽는데 마을이 아무도 안 놀란다,-,-,-,마을은 태운 사람보다 안 온 사람을 먼저 묻는다 / 주막 노인이 장부 세 줄을 묻는다 / 상촌 노인이 이백 년 만에 삼백 앞에 선다 — 「내가 썼소」,173화 장부 첫 장 / 177화 아무도 안 보는 사람
190,3,위를 봐도 되겠소,done,3722,주막 노인이 여덟 손가락을 두 손으로 잡는다,13호가 이백 년 이야기 사이에 짚신 한 켤레를 넣어 마을을 웃긴다,-,-,임 노파가 상촌 아랫집 사람이었다 / 곽진강이 「모릅니다」를 말하고 「알아내서 다시 오겠습니다」 / 촌장 「우리가 위를 봐도 되겠소」 / 천 노인 「나는 그 대답을 이백 년 갖고 있었소」,148·175화 임 노파의 숟가락과 댓돌 / 186화 비어 있는 다섯째 줄
191,3,삼백이 고개를 들었다,done,3526,천 노인이 「봐도 되오」 넉 자를 내놓는다,13호 「오늘은 안 되겠습니다」 / 떡 아낙 「다음에 지붕 하나 이어주고 드십시오」,-,-,이백 년 전에 상촌이 위를 봤고 없어졌다 / 일곱 살이 먼저 고개를 들고 삼백이 따라 든다 / 임 노파 「금기는 누가 시켜서 생긴다」 / 서문경 「내 넉 자보다 무겁습니다」,144화 위를 보지 마라 / 190화 촌장의 물음
192,3,밥 다 됐습니다,done,3955,문턱 위에서 짚신이 멈춘다,13호가 저도 모르고 「밥 다 됐습니다」를 던져 이백사십 년을 옮긴다,화척이가 열이틀 만에 문턱에서 내려온다 — 문턱이 한 치 반 꺼진 채 안 고친다,안 고르던 자리에서 내려와 안쪽에 앉는다,천 노인이 평상을 버리고 멍석 끝에 앉는다 / 마당에 번호 없는 사람이 셋이 된다 / 구 노인의 다섯째 획 / 「내가 아는 것을 말하겠다」,181화 문턱 위의 화척이 / 186화 비어 있는 다섯째 줄
193,3,이튿날 산허리가 탔다,done,3843,관솔을 다시 켜고 멍석에 열여덟이 둘러앉는다,-,-,멍석 가장자리에 엎드려 끝까지 듣는다,천 노인과 1호가 이백사십 년 전에 같이 들어오기로 했다 / 1호가 스물두 번 중턱까지 왔다 갔다 / 이백 년 전 그 밤에 처음 문 앞에 왔고 아무 말도 안 했다 / 「이튿날 산허리가 탔다」,7·35·59화 1호 복선 / 211~225 반전 1단
194,3,아무도 안 묻는다,done,3745,마당이 아무 일 없다는 듯 돌아간다,13호 「부를 수 있는 분이 열둘입니다」 / 곽진강의 자리가 없어져 물지게를 뺏긴다,-,열이틀 만에 압축을 풀고 원래 크기로 쉰다,10호 「안 적어도 되는 걸 아는 겁니다」 / 백 영감 「자리는 뺏기네 버릇은 안 뺏기네」 / 1호가 며칠을 달라고 한다 / 구 노인의 글자가 두 자다,164화 이름·번호·호칭 / 186화 안 묻는 법
195,3,아이만 넘었다,done,3665,하촌 스물이 문턱 앞에 선다,13호가 자갈밭 침묵에 웃음을 터뜨린다 / 아이 「쉬운데요」,문턱이 여덟 치 반인데 어른 스물이 못 넘는다,아이가 겁 없이 앞에 쪼그려 앉는다,열일곱 채 대들보가 하촌의 빚이다 / 「값은 받지 않는다」고 쓴 사람에게 진 빚이 아니다 / 임 노파가 처음으로 남의 이름을 묻고 외운다,173화 장부 첫 장 / 111·121화 결계 규칙
196,3,이름을 부르면 안 돼요,done,3535,「그건 나한테 진 빚이 아니오」,백 영감 「자고 나면 또 자게 되네」,-,-,하촌이 집을 헐겠다 하고 상촌 노인이 막는다 — 무르는 건 갚는 게 아니다 / 유백이 겨울 셈을 한다 / 천 노인 「이백 년짜리는 이백 년 갈 것으로 정해야 하오」 / 일곱 살 「그럼 우리가 이름을 부르면 안 돼요」,164화 안 부르면 없어진다 / 195화 대들보 빚
197,3,서른한 번째,done,3800,예순이 넘게 올라와 자갈밭이 찬다,13호가 「이건 쉬운 셈입니다」 하고 처음으로 셈을 해낸다,-,바위 위에 엎드려 끝까지 듣는다,하촌 서른둘이 이름을 하나씩 맡는다 / 빚 없는 집이 먼저 나선다 / 임 노파가 열넷째·열다섯째를 알아본다 / 마지막 하나 앞에서 상촌 노인이 멈춘다,162화 위패 서른둘 / 176화 일곱 살
198,3,서른두 번째,done,3864,「몇 살이냐」 「일곱이요」,백 영감이 팔십팔 년 만에 밖에서 호칭으로 불린다,상촌 노인이 처음으로 자갈에 자국을 남긴다 — 무게를 안 싣는 법을 배운 적이 없다,-,이백 년 못 부른 이름을 아이가 대신 크게 부른다 / 아이가 이름 둘을 갖는다 / 1호 「오늘부터 세지 않고 부르겠소」 / 촌장이 문턱을 넘는다,175화 아이 신 / 197화 서른한 번째
199,3,마당이 좁다,done,3878,촌장이 제 발을 내려다본다,임 노파 「쌀이 모자란다 / 오늘은 각자 집에 가서 먹어라」 / 마등우 「백십이 년이 아깝습니다」,이름을 맡은 서른둘만 문턱을 넘는다 — 나누면 넘는 사람이 는다,아이 열둘을 앞발 사이에 두고 꼬리를 천천히 움직인다,빚은 나누면 줄지만 이름은 나누면 커진다 / 마당이 일흔여덟이 된다 / 천 노인 「조용한 건 사람이 없는 것이었다」 / 무림맹 서찰 — 열흘 뒤 도착,111·121화 결계 규칙 / 188화 서문경의 경고
200,3,열흘,done,3804,세 줄짜리 서찰,13호 「스물이 삼백을 어찌합니까」 / 백 영감 「나는 팔십팔 년 동안 스물이 크다고 알고 살았네」,-,아이들 사이에서 고개를 든다,분타 인장이라 문서가 안 남는다 / 11호 「따라간 건 제가 한 겁니다」 / 천 노인 「숨을 몸이 너무 많다」 / 1호 「이제 묻게 / 하촌도 부르게」,186화 비어 있는 다섯째 줄 / 211~225 반전 1단
201,3,몇 그릇 짓냐,done,3565,하촌 예순이 안 내려가고 마당에 멍석 셋이 깔린다,11호 「그건 반대를 못 하겠습니다」 / 13호가 담 쌓던 이야기로 셋째 길을 낸다,-,-,숨자 대 싸우자로 갈린다 / 표일도가 개울 바닥의 검을 사흘 다 안 찾았다 / 서문경 「심심한 걸 보면 안 옵니다」 / 임 노파 「열흘 뒤에 밥을 몇 그릇 짓냐」,120화 서문경 / 241~270 은자림이 갈라진다
202,3,저놈은 어찌합니까,done,3851,10호가 넉 줄을 적고 그 밑에 심심하지 않은 것 셋을 적는다,헛간 문 한 칸에 머리가 두 칸 / 백 영감의 「이틀 동안 밭이 논이 됐네」,-,사흘째 압축을 못 한다 — 힘이 빠졌다,용·마신·무극권신 셋은 숨길 수 없다 / 촌장이 곽진강의 정체를 묻고 열흘 뒤로 미룬다 / 유백 「저는 아직 마신입니다」,83화 압축형 규칙 / 169화 이름을 한 번 더 쓴다
203,3,제일 잘 파는 놈,done,3844,곽진강이 두 해 만에 마당에서 「유백아」라고 부른다,젊은 사람이 낫 대신 삽을 지러 내려간다 / 구 노인이 호미 열둘을 밤새 갈겠다 한다,화척이가 언 땅을 앞발로 한 번 긁어 세 자를 뒤집는다,웅덩이 파기의 제일 큰 일손이 된다,유백이 스스로 미끼가 되려 한다 / 임 노파 「빈 그릇을 이백사십 년 씻어봤다」 / 1호 「셈하는 사람이 셈에 들어가면 그건 셈이 아닐세」 / 유백이 다치게 한 스물은 살아 있다,120화 생사 불문 / 111~121화 유백의 아홉 달
204,3,자갈밭에 놓고 온 것,done,4055,나흘 동안 일흔여덟이 흙을 나른다,13호가 앞에 서면 흘리고 뒤에 서면 말이 는다 / 천 노인이 된장을 약 대신 밥에 찍어 먹는다,천 노인이 이백사십 년 만에 지게를 지고 손바닥이 터진다,언 땅을 뒤집어 나흘 일을 만든다,밥이 사람을 섞는다 / 임 노파 「지겨운 걸 백구십 년 하면 그게 나다」 / 상촌 노인이 서른둘의 획 하나까지 안다 / 서문경이 무림맹 패를 자갈밭에 놓고 넘는다,174화 「두고 올 게 있습니다」 / 197화 이름 맡기
205,3,순서가 거꾸로다,done,4090,닷새째 새벽에 물이 찬다,13호가 물에 발을 담갔다 빼고 「사람이 들어갈 물이 아닙니다」 / 마등우의 이랑이 백십이 년 만에 논이 된다 / 배추 마흔 포기 흥정,서문경이 삽 잡는 법을 11호에게 배운다,아이가 「들어가」라고 하니 물에 들어간다 / 목까지 잠기니 바위로 보인다,임 노파가 열여섯 몫으로 담근 김치가 모자란다 / 곽진강이 순서를 거꾸로 밟았다 — 번호를 먼저 내놓고 이름이 남았다 / 백 영감 「자네가 처음일세」,164화 이름·번호·호칭 / 169화 이름을 한 번 더 쓴다
206,3,아침마다 서른둘,done,3823,10호가 닷새 만에 삼백 장을 다 베낀다,떡 아낙 「붙이면 비 맞소」,-,-,여덟이 붙으니 열흘이 닷새가 된다 / 삼백 장이 삼백 집에 간다 / 새벽에 마을이 집집마다 이름을 부른다 / 젊은 사람 「들면 저쪽도 이름이 있을 거 아니오」 / 열흘이 아니라 내일이고 스물이 아니다,197·198화 이름 맡기 / 201화 낫 삼백 자루
207,3,마흔,done,4076,「마흔입니다」,13호가 밤새 밭을 갈겠다 하고 곽진강이 「밤에 갈면 이상합니다」로 막는다,-,머리까지 잠기고 콧구멍만 물 위에 남는다,아이들의 용 이야기가 소문을 키웠다 / 서문경 「부지런한 게 제일 나쁩니다」 / 구 노인이 아흐레 만에 두 자를 다 쓴다 — 미안 / 천 노인 「자네는 흙을 나른 놈이다」,153화 구 노인의 「무섭다」 / 194화 두 자
208,3,자갈밭의 마흔,done,3562,어둠 속 자갈밭에 검이 마흔 자루 서 있다,곽진강의 「적습니다 그래서 배가 안 부릅니다」 / 겨울에 얼음 뜨려고 물을 채웠다는 대답,-,물속에서 하루를 난다,촌장이 거짓말 없이 앞을 빼고 말한다 / 천 노인이 「은자림」 이름을 밖에 내놓는다 — 「적히면 없어지는 게 아니라 생긴다」 / 분타장이 문턱에서 막힌다,140~150화 은자림이라는 이름 / 136화 남궁호가 세 번 막힌 자리
209,3,무극권신 곽진강,done,3814,넷이 다 문턱에서 막힌다,-,곽진강이 자갈 소리를 일부러 내며 걷는다 — 소리를 내는 것이 빈손이라는 표시다,-,촌장이 「우리가 진 것을 알았소」로 결계를 설명한다 / 십오 년 전 황하 나루에서 셋을 안 죽인 일이 증인으로 돌아온다 / 곽진강이 두 해 만에 이름을 댄다 / 서문경 「여기 있네」,119·120화 「하나입니다」 / 205화 순서
210,3,백스물 그릇,done,3580,서문경과 분타장이 십이 년 만에 마주 선다,임 노파 「마흔이 먹고 남으면 개를 준다」 / 13호 「그건 제가 잘합니다」,-,온종일 물속에 있다 나오며 이랑 여섯을 잠근다,서문경이 거짓 없이 빼서 말한다 / 분타장 「먹으면 못 적소」 / 스물여섯이 문턱 밖에서 밥을 먹는다 / 물은 빚이 아니다 / 1호 「내일 아침에 하촌 삼백을 다 부르게」,160화 물은 빚이 아니다 / 200화 「하촌도 부르게」
211,3,삼백이 왔다,done,3593,하촌 삼백이 밤에 등불을 들고 산을 올라온다,13호 「열여덟이 삼백을 먹습니까」 → 임 노파 「열아홉일세」,-,웅덩이에 턱을 걸치고 삼백을 본다. 아무도 안 도망간다,촌장이 선돌의 여섯 자를 먼저 묻는다 / 1호 「내가 새겼네 · 일곱 번 다시 새겼네 · 마지막은 지난달일세」 / 서문경의 마흔두 번 보고 / 1호 「자네 글씨를 아네」 / 천 노인이 대문 자리를 비우고 산 위로 걸어간다,144화 선돌 여섯 자 / 149화 지워진 지도 / 210화 「삼백을 다 부르게」 / 211화 밥은 빚 물은 빚이 아니다
212,3,산 위에는 아무것도 없다,done,3710,곽진강이 담이 끊긴 자리로 붙어 산 위로 올라간다,구 노인 「저놈 밥값 언제 받나」 → 「이자가 붙었겠네」,진각으로 계단을 올라가지 않고 풀을 젖혀 돌을 찾는다,압축형으로 계단을 셋 부수고 능선 아래 선에서 뒷걸음질 친다,상촌은 위 마을이었다 / 「위를 보지 마라」의 뜻 / 문고리 간격으로 센 스물여섯 채 / 하촌이 서른둘로 늘어난 것이 1호의 셈을 깨뜨렸다 / 화척이가 못 넘는 선,44화 화척이가 천 노인보다 먼저 있었다 / 106화 하촌 스물여섯 집 / 129화 서른둘 / 180화 산허리 주춧돌
213,3,메운 것을 판다,done,3646,"천 노인 「자네, 우물 팔 줄 알지」에 곽진강이 「팝니다」로 답하고 판다",13호 「저는 저게 안 됩니다」 / 마등우 「나는 되네」 / 표일도 「나는 흙을 안 파봤소」,발이 땅을 눌러 발목까지 지면이 꺼지고 삽이 한 자 들어간다,압축형 세 걸음에 구덩이가 사람 키만큼 꺼진다,두레박 매듭이 하촌 것과 같다 — 그날 밤 내려간 사람이 있었다 / 이백 년 만에 물이 오른다 / 상촌 노인 「우리 아버지가 매던 것이오」 / 하촌은 마을보다 우물이 먼저였다,195화 유백의 하촌 우물 셋 / 두 마을이 서로 안 보이는 지형
214,3,져 나른 사람,done,3597,천 노인 「내가 져 날랐네」,백 영감 「내 것은 한 모금이 아닐세 · 석 달 담근 걸세」 / 13호 「저는 언제 줍니까」 → 「자네는 아직 번호가 있잖나」,-,-,불이 아래에서 위로 올라갔다 — 태우려는 불이 아니라 몰려는 불 / 구 노인의 「마당을 치워야 한다」는 은자림이 아니라 상촌이었다 / 천 노인이 나흘 동안 혼자 메웠다 / 「헐러 갔는데 사람이 서 있었네」,150년 전 「마당을 치워야 한다」 / 60화 「자네들은 번호가 있잖나」 / 180화 상촌 노인의 아이 신
215,3,바람에 온 종이,done,3886,마당 밥이 없다 — 붉은 것이 삼백 그릇을 다 먹었다,꿀밤 한 대에 이랑 넷이 잠긴다 / 13호 「저 마흔둘입니다」 → 「자네는 아직 젊어서 그러네」,-,시키지 않은 심부름으로 종이를 물어 온다,유백의 수배 방 「생사 불문」이 마당에 들어온다 / 관 종이가 아니라 손으로 벤 것 / 표일도가 재작년에 한 장을 태웠다 / 10호가 1호에게 그릇을 민다 / 1호 「이건 백열두 장이 아니라 백열두 고을일세」,203화 백열두 고을 / 131·132화 임 노파의 빈 그릇 / 140화 1호의 첫마디 「밥 있나」
216,3,백열두 고을,done,3799,곽진강이 밤을 새우고 새벽에 헛간 앞으로 간다,13호 「오늘은 이백구십구만 씻겠습니다」,-,배가 안 들어갔다,1호의 방식 — 불이 아니라 종이 / 지운 자리는 표가 나고 안 넣은 자리는 표가 안 난다 / 총단 문서방에 이백사십 년 동안 열한 사람 / 「내가 먹였네」 / 서문경의 글씨가 열두 해째부터 바뀐다 / 「이백 년 전에 한 번 해봤네 · 다시는 안 했네」 / 곽진강 「어르신은 이름을 지우는 사람입니까」,149화 늙은 서리 / 209화 「무극권신 곽진강입니다」 / 296~300 이름 종결
217,3,종이를 가져온 사람,done,3667,곽진강이 1호보다 먼저 자갈밭에 내려서서 종이의 주인을 찾는다,젊은 사람 「밥은 안 주오?」 → 임 노파 「나는 그때 삼백 그릇을 또 풀 걸세」 → 13호 「또 삼백입니까」,-,문턱에 턱을 걸치고 엎드린다. 아이가 콧등을 만진다,종이를 가져온 것은 고발이 아니라 경고였다 / 「모르면 못 피하오」 / 지붕 이은 집이 열 채가 아니었다 / 하촌이 유백에게 빚을 선언한다 / 글을 모르는 사람이 넉 자를 베껴 왔다 / 물은 빚이 아니고 밥은 빚이다 / 천 노인 「그만하게」,195화 유백의 지붕 열 채 / 211화 밥과 물의 셈 / 203화 유백이 받는 법을 모른다
218,3,그만하게,done,3592,천 노인이 이백사십 년 만에 평상에서 일어서 1호를 막는다,13호 「떡 하나에 넉 달입니다 · 어르신은 뭘 지고 넘으셨습니까」,-,-,천 노인이 막는 이유는 죄가 아니라 「자네가 못 남네」 / 1호 「나는 남으러 온 게 아니라 끝내러 왔네」 / 1호가 문턱을 넘은 셈은 아이가 묻힌 자리 하나 / 마당의 침묵이 둘로 갈린다 / 구 노인 「기다리게 · 백오십 년도 기다렸네」 / 1호 「미워하게 · 그것도 이백 년 만일세」,7화 「밖에서 뭐 했는지는 안 묻는다」가 처음으로 사람을 막는다 / 159화 13호의 떡 하나 / 241~270 분열
219,3,위에서 내려왔네,done,3581,저녁상에 자리가 셋 비고 임 노파가 그 셋을 다 놓는다,13호 「어르신이 네 그릇을 잡수십니까」 / 「어르신들은 다 말을 어렵게 하십니다」,-,-,백 영감이 엿새를 헤맸고 사흘은 안 들어가려고 헤맸다 / 「갚을 사람이 죽었거든」 / 팔십팔 년 전 맨발이 앞장서서 걸었고 「올라가거든 위를 보지 말라」 했다 — 선돌의 여섯 자와 같다 / 그 사람은 아래가 아니라 위에서 내려왔다 / 임 노파는 번호를 두 번 받았다 / 「번호가 비면 그릇도 빈다」,59화 백 영감 88년 전 / 144화 선돌 / 7-A 셋째 그림자 / 131·132화 빈 그릇
220,3,내가 껐네,done,3725,곽진강이 등을 안 들고 밤 능선을 오른다,붉은 것이 두 해 만에 말을 듣고 계단에 엎드린다,천 노인의 무공을 1호가 「나는 자네를 못 이기네」로 셈해준다 — 그날 밤 도끼를 막은 것은 힘이 아니었다,엎드린 자리가 한 자 꺼진다,1호가 맨 아래 세 채를 껐다 / 상촌 스물이 결계를 봤다 / 「불을 지른 것은 내가 아닐세 · 못 끄게 한 것은 날세」 / 천 노인의 빚은 도끼를 놓은 것 / 1호가 쓴 말은 「이 사람이 나를 이백사십 년 기다린다」 / 천 노인 「내 손으로는 못 파겠더라」 / 「불은 자네가 아는 사람일세」,111화 「이건 내가 만든 게 아니다」 / 180화 「여기서 세었네」 / 125~129화 상촌을 태운 자
221,3,자네가 아는 것일세,done,3544,하촌이 사백으로 늘어 비탈까지 앉는다,13호 「사발이 백서른 갔습니다」로 사람을 센다,-,웅덩이에서 나와 목을 빼고 길게 숨을 내쉰다 — 두 해 동안 하루에 몇 번씩 보던 짓,"「자네가 아는 것일세」는 사람이 아니라 두 해 전 밭에서 판 뼈였다 / 밭 세 이랑, 삼십 장, 화척이의 두 배 / 천 노인이 묻었다 / 마당이 그 위에 앉아 있다 / 최 서방 「밝히는 사람이 감춘 사람과 같아서 셈이 안 서오」","44화 밭에서 판 뼈 / 44화 「이놈이 여기 살았어, 나보다 먼저」 / 180화 상촌 노인"
222,3,저놈은 제가 먹입니다,done,3699,비명이 나고 앞줄이 뒤로 밀린다,"13호 「아침에 열둘, 낮에 열둘, 저녁에 열둘입니다」 / 서문경 「배추 서른여섯 포기라고 적으면 아무도 안 믿소」",곽진강이 소리를 내며 걸어 빈손을 표시한다,사백 앞에서 꿀밤 한 대에 눈을 감고 턱을 자갈에 붙인다,이백 년 전 그놈은 아무도 안 먹였고 이름도 없었다 / 곽진강이 화척이의 앞날을 제 이름으로 받는다 / 「어르신이 죽으면 어쩌오」 → 「줄을 서 있습니다」 / 서문경 「문서로 사람을 죽여봤지 살려본 적은 없소」,44화 「화척이도 이렇게 됩니까」 / 3화 솥뚜껑 / 296~300 이름 종결
223,3,아래에서 몰았다,done,3916,촌장 「짐승은 아무 때나 불을 놓지 않소」,13호 「저 돌은 저를 안 막았습니다. 떡이 막았습니다」,-,-,소 여섯이 없어졌다 / 1호가 몰이를 시켰다 / 스물이 아래에서 횃불로 몰았다 / 짐승이 문턱에서 막혀 되돌아섰다 — 빚이 있으면 짐승도 못 넘는다 / 「자네들 마을을 태운 건 저 돌일세」 / 1호는 그때 마흔 해째 밖에 있어서 안쪽 법을 몰랐다,214화 불이 아래에서 위로 / 111화 결계 / 159화 13호의 떡 하나
224,3,돌은 못 미워한다,done,3702,곽진강이 문턱의 돌을 본다 — 사람 무릎도 안 오는 돌이 마을 하나를 태웠다,마등우 「밭 귀퉁이를 잡고 있는 돌은 안 빼네」 → 젊은 사람 「그 돌 때문에 우리 마을이 탄 적은 없소」 → 「맞네」,-,-,촌장이 미워할 것 넷을 세고 넷 다 못 미워한다 / 임 노파 「이 돌이 저 사람들을 받아준 걸세」 / 10호 「내가 넘었다는 건 그 사람이 죽었다는 뜻일세」 / 천 노인이 상촌 물을 길어 내려와 「이건 내가 만든 게 아닐세」,111화 「이건 내가 만든 게 아니다」 / 219화 백 영감의 갚을 사람 / 213화 판 우물
225,3,규칙 셋,done,4052,두 해 전 마당 안에서 들은 말을 오늘 사백 앞에서 다시 듣는다,13호 「규칙은 어겨도 안 아프고 돌은 어기면 못 넘습니다」 / 백 영감 「그럼 이 마당이 통째로 나가야 하나」,-,-,숲을 만든 자가 남긴 규칙 셋 / 그가 어긴 것은 첫째 줄 — 밖에서 하나를 살렸다 / 천 노인도 어겼다(도끼) / 열여덟이 다 어겼다 / 규칙은 내보내고 돌은 들인다 — 이 산에 법이 둘이다 / 서문경 「그 사람 기록이 어디 있소」,35화 규칙 셋과 「번호를 안 받았다」 / 111화 / 149화 지워진 지도
226,3,시킨 사람,done,3815,서문경 「기록이 없는 사람은 처음부터 없었거나 누가 뺐거나」,-,-,-,1호가 그 기록을 뺐다 / 시킨 사람이 있었다 — 천 노인이 하루 본 그 사람 / 「자네가 들어가면 이 숲이 드러난다」 / 누구 하나는 밖에 있어야 한다 / 천 노인은 이백사십 년 동안 벗의 마음이 변한 줄 알았다 / 서문경 「그 사람은 어르신보다 잘 지우오」 / 유백 「어디까지 지울지를 안 가르치면 사람이 잘못 읽습니다」,35화 나간 자 / 104화 오자 / 7화 셋째 줄이 두 사람을 막았다
227,3,이름을 잊은 놈,done,3830,사백이 내려가는 데 한 시진이 걸린다. 촌장이 두레박을 안고 앞장선다,곽진강이 13호 허리를 고치고 「삼류 권보 여섯째 장이다」 / 붉은 것이 마루를 부수고 반쯤 빠진다 / 13호 「너 나랑 같이 갈자」,삼류 권보 여섯째 장으로 삐끗한 허리를 편다,압축형으로 마루에 올라가 널 셋을 부러뜨리고 그 사이에 빠진다,1호가 이백사십 년 만에 한 술을 뜬다 / 상 자리가 스물이 된다 / 13호가 이름을 안 쓰기로 한 것이지 잊은 게 아니다 / 구 노인 「내일 밭에 가지 마라 · 배추는 캐라」 / 곽진강이 번호가 없어서 술을 받는다,131·132화 빈 그릇 / 60화 번호와 호칭 / 205화 순서
228,3,돌 뒤,done,3794,하촌 빈터에 불이 열둘 켜지고 가운데 두레박이 놓인다,최 서방 「나무는 파봤소」 → 「돌하고 나무가 같소?」 → 「안 같소」,-,-,최 서방 「모르는 건 남 탓이고 안 본 건 내 탓이오」 / 선돌을 눕히지 않고 뒷면에 새기기로 한다 / 서문경이 사십 년 만에 처음으로 넣을 말을 고른다 — 「위에도 살았다」 여섯 자 / 글을 모르는 젊은 사람이 새기기로 한다 / 아이 업은 여자 「줄이 끊길까 무서우면 우리가 서면 되오」,144화 선돌 여섯 자 / 222화 「줄을 서 있습니다」 / 217화 베껴 온 종이
229,3,밭 앞에서,done,3827,마당 사람들이 밭 앞에 서고 아무도 이랑에 안 들어간다,노인 셋이 이랑 밖에 엎드려 팔만 뻗어 배추를 캔다 / 13호 「저는 원래 안 맞습니다」,-,이랑 밖에서 멈춘다 — 두 해 동안 밭에 한 번도 안 들어왔다,이 마당은 회의를 안 하고 누가 먼저 엎드리면 따라 엎드린다 / 1호가 봇짐을 진다 / 상촌 노인이 어른 짚신을 준다 / 「그놈도 묻힌 거요 · 꺼내지 마시오」 / 천 노인이 백구십 년 동안 그 밭에 안 들어갔다 / 6호 「하나 더 있었습니다」,44화 6호의 그림 / 182화 13호의 짚신 / 180화 아이 신
230,3,넷째 줄,done,3784,6호가 두 해 동안 안 한 말을 한다 — 뼈 옆에 네모난 것이 있었다,13호 「너는 손이 급하다」 → 「급합니다」 / 「옆에 서 있어라」 → 「그건 잘합니다」,진각으로 두 해 눌린 흙에 삽을 한 자 넣는다,웅덩이에서 목만 빼고 도로 엎드린다,뼈가 나오자 도로 덮고 옆을 판다 / 밀랍으로 봉한 항아리 / 임 노파가 능선 흙을 알아본다 — 누가 위에서 져다 부었다 / 밭은 천 노인이 오기 전부터 열여섯 이랑이었다 / 항아리 속 종이에 규칙이 셋이 아니라 넷이었다,44화 6호의 그림 / 35화 규칙 셋 / 231~ 넷째 줄
231,4,오래 숨지 마라,done,3520,넷째 줄의 글씨가 앞의 셋과 다르다 — 같은 사람이 나중에 덧썼다,13호 「둘이 반대입니다 · 봤으면 안 새기셨을 텐데요」,-,웅덩이에서 이쪽을 보고 있다 — 「네가 팠다」,넷째 줄은 「오래 숨지 마라」 여섯 자 / 하촌 선돌의 여섯 자와 정반대다 / 유백이 줄 간격으로 읽어낸다 — 처음부터 넷째 자리를 비워두고 셋을 썼다 / 임 노파 「말로 하면 사람이 오래를 늘리네 · 파는 사람이 나오면 그때가 때일세」 / 밭을 넓히려 한 사람이 이백사십 년 만에 처음이었고 이유는 용 밥값이었다,35화 규칙 셋 / 104화 윗줄을 안 지운 오자 / 44화 이랑 넓히기
232,4,방법이 안 적혀 있다,done,4020,네 줄이 다 하지 말라는 말이고 하라는 것이 하나도 없다,임 노파 「밥 하라는 거겠지」 / 10호 「이 마당은 정한 적이 없네」 / 마등우 「숨은 사람이 씨를 내려보내나」,-,-,방법이 없으니 마당이 정해야 한다 / 구 노인 「그럼 또 이백 년 간다」 / 셋을 어기면 나가지만 넷을 어긴 사람이 나가면 또 숨는 것이다 / 천 노인이 1호를 이백사십 년어치 일로 붙든다 / 13호가 매어준 짚신 매듭이 능선 두레박 매듭이었다 / 임 노파가 빈 그릇을 씻는 대신 담기로 한다,213화 두레박 매듭 / 131·132화 빈 그릇 / 229화 상촌 노인의 짚신
233,4,종이,done,3581,곽진강이 문턱 너머로 종이를 내민다,13호 「물은 원래 누가 지는 겁니다」,-,-,관에서 장부 쓰는 종이다 — 만든 자는 관 사람이었다 / 귀퉁이 번호를 칼로 켜서 지웠다 — 제 자신도 지웠다 / 서문경 「나는 보는 게 아니라 고르오 · 하루 백 장 중 셋만 올리오」 / 「내가 그 사람 자리에 앉아 있소」 / 서랍이 차면 사람이 이상해진다 / 이레 남았다,149화 늙은 서리 / 119·120화 재로 덮은 방 두 장 / 226화 「자네보다 잘 지우오」
234,4,마당 회의,done,3896,이백사십 년 만에 스무 사람이 둘러앉는다,순서를 못 정한다 — 나이순은 이백사십 년이고 번호순은 다섯이 빠진다 / 13호 「이백이면 밥이 이백 그릇입니다」,-,-,임 노파가 회의 규칙 하나를 세운다 — 끝까지 듣게 / 표일도 「안 적으면 소문이 이백 년 더 가오」 / 유백 「잃을 게 없는 사람이 정하면 안 됩니다」 / 상촌 노인 「우리 마을은 아무도 안 와서 없어졌소」 / 1호가 적힐 것을 하나 더 든다,35화 규칙 / 6·7화 표일도 / 180화 상촌 노인
235,4,저놈일세,done,3686,1호가 적힐 것으로 화척이를 든다,13호 「저놈은 이미 사백이 봤습니다 · 사백한테 입 다물라 하실 겁니까」 / 1호가 이백사십 년 만에 웃는다,-,제 이야기인 줄 알고 목을 뺀다,사람은 밭 가는 노인 스물로 적으면 되지만 용은 못 적는다 / 유백 「지도에서 빼신 게 저를 두 해 살렸습니다」 / 임 노파 「밥 먹는 건 식구일세」 / 숨기는 건 되니까 이백 년이 갔다 / 천 노인 「저놈한테 물어본 적이 있나 · 나는 이름을 안 물어봐서 백구십 년 후회했네」,44화 「이름을 물어보면 정이 붙어」 / 203화 백열두 고을 / 222화 「제가 먹입니다」
236,4,물어본 적이 있나,done,3621,마당이 짐승에게 물을 방법을 모른다,백 영감 「배추를 둘 놓게」 → 곽진강 「둘 다 먹는다」 / 마등우 「굶기면 헛간을 먹네」 / 13호 「작년에 제 짚신을 먹었습니다」,-,"압축을 풀어 마당을 채운다. 머리가 지붕 위, 꼬리가 헛간에 닿는다","압축형은 재주가 아니라 숨은 것이었다 — 사람들 사이에 끼려고 줄였다 / 곽진강이 두 해 만에 「미안하다」를 한다 / 유백이 손가락 일곱을 보인 날부터 저놈이 따랐다 / 화척 = 불 화에 던질 척, 이름을 지은 것은 곽진강이고 천 노인이 시켰다 / 천 노인이 앞엣놈에게 이름을 안 물어 백구십 년 후회했다",44화 이름 / 133화 「제일 힘든 놈을 따라간다」 / 231화 넷째 줄
237,4,제 이름으로 적읍시다,done,3613,곽진강이 저놈의 대답을 마당에 전한다 — 안 숨겠답니다,13호 「배추가 모자랍니다」 / 10호 「이백이 와서 저걸 보면 도로 내려가겠지」,곽진강이 이름 하나로 마흔을 세운 셈을 이백에 적용한다,커진 채로 이랑 열여섯 위에 앉아 멍석 둘을 누른다,곽진강이 제 이름으로 적자고 한다 / 유백 「적히면 밤에 잠을 못 잡니다 · 저는 반대합니다」 / 1호 「큰 이름을 앞에 세워 뒤를 안 보이게 하는 게 내가 이백사십 년 한 걸세」 / 가리는 것도 숨는 것이다 — 넷째 줄 / 천 노인 「내일 또 앉세」,209화 이름을 댄 날 / 110화 위종의 셈 / 296~300 이름 종결
238,4,위에도 살았다,done,4062,하촌이 탁본을 안고 올라온다,13호 「못 때리십니까」 — 머리가 지붕 위라 꿀밤이 안 닿는다 / 사다리를 가지러 뛴다,-,안 줄인 채로 밤을 났다. 꼬리가 물길을 막아 이랑 넷이 잠긴다,선돌 뒷면에 「위에도 살았다」가 새겨졌다 / 아이 업은 여자 「줄인 채로 참고 있었소 · 나는 저게 큰 게 낫소」 / 서문경이 사십 년 만에 제 글자가 돌에 남는 것을 본다 / 1호가 마을 이름을 안다고 하자 상촌 노인이 말리고 여섯 자를 이름으로 삼는다 / 여섯 자 셋이 한자리에 모인다,144화 선돌 / 228화 서문경이 고른 여섯 자 / 231화 넷째 줄
239,4,닷새째,done,4274,닷새를 앉았는데 정한 것이 하나도 없다,13호가 사흘째 꼬리 위에 앉고 나흘째 다섯이 앉고 닷새째 백 영감이 사발을 올려놓는다 / 「배추는 아흐레치인데요」,-,꼬리를 안 빼서 마당의 앉는 자리가 된다,못 정하는 것은 무엇을 적을지가 아니라 누가 적힐지다 / 구 노인 「같이 지면 안 되나 · 배추는 같이 캤다」 / 1호가 제 옛 이름을 쓰겠다 하자 임 노파 「아무도 모르는 이름은 이름이 아닐세」 / 하촌이 배추 삼백스물을 지고 온다 — 열흘 덜 자란 것을 뽑았다 / 촌장 「아흐레 안에 정하시오」,228화 「우리가 서면 되오」 / 222화 「줄을 서 있습니다」 / 결계와 빚
240,4,반 치,done,3523,말 여섯이 올라온다,13호 「배추는 아흐레치인데요」에 아무도 안 웃는다,-,담 위로 목이 올라와 여섯이 다 올려다본다,총단이 서문경을 소환한다 — 사흘 / 올린 사람은 분타장이고 그는 화척이를 세 번 적으려다 못 적었다 / 유백 「대인이 서랍을 지시면 그건 제가 갚는 게 아니라 대인이 지는 겁니다」 / 천 노인이 「이 돌을 치우세」로 마당을 가른다 / 임 노파가 백구십 년 산 귀로 짚는다 — 엿새 전 그 말에 목소리가 반 치 낮았다,44화 「거짓말할 때 목소리가 반 치 낮아지네」 / 224화 「만든 사람이 여네」 / 241~270 위기
